,gross_return_on_top_days,stand_alone_return_pct,wealth_share_L_pct,gap_reported,gap_from_identity,abs_error
MU,2.918648,191.864833,65.737565,651.700621,651.700621,0.0
AMD,3.17018,217.01798,68.456048,308.210464,308.210464,0.0
LRCX,2.11272,111.272023,52.667656,204.66267,204.66267,0.0
MRVL,2.419951,141.995148,58.676857,196.214002,196.214002,0.0
HPE,2.156154,115.615437,53.621131,136.461218,136.461218,0.0
AMAT,1.895895,89.589501,47.254463,136.220241,136.220241,0.0
KLAC,1.931381,93.138097,48.223576,122.329641,122.329641,0.0
CAT,1.853948,85.394836,46.061065,118.316429,118.316429,0.0
QCOM,2.405713,140.571343,58.432289,102.375666,102.375666,0.0
AVGO,2.050433,105.04327,51.229806,92.772267,92.772267,0.0
GOOGL,1.696856,69.685598,41.067479,92.727702,92.727702,0.0
PWR,1.797546,79.754577,44.368593,91.479415,91.479415,0.0
ORCL,3.003982,200.398245,66.710857,91.331528,91.331528,0.0
NEM,1.81563,81.562989,44.922696,89.697922,89.697922,0.0
GOOG,1.678104,67.81037,40.408927,89.591594,89.591594,0.0
TXN,1.944785,94.478503,48.580435,82.876004,82.876004,0.0
ADI,1.679088,67.908759,40.443845,78.872362,78.872362,0.0
STLD,1.649624,64.962406,39.380128,76.51157,76.51157,0.0
FCX,1.783565,78.35652,43.932524,72.73661,72.73661,0.0
APH,1.763836,76.383594,43.305385,71.798506,71.798506,0.0
NUE,1.503529,50.35295,33.489832,70.593309,70.593309,0.0
HUM,2.087695,108.769466,52.100275,69.85483,69.85483,0.0
CSCO,1.553932,55.393249,35.64714,68.777352,68.777352,0.0
FDX,1.54568,54.568031,35.303569,68.196415,68.196415,0.0
LLY,1.805951,80.59515,44.627527,66.471603,66.471603,0.0
ODFL,1.809611,80.961068,44.739495,63.396911,63.396911,0.0
C,1.555745,55.574482,35.722106,60.677769,60.677769,0.0
FTNT,1.819084,81.908436,45.027288,60.626671,60.626671,0.0
GS,1.531569,53.156922,34.707489,60.381858,60.381858,0.0
NVDA,1.644957,64.495688,39.208133,60.273374,60.273374,0.0
MRK,1.592958,59.295768,37.223693,60.062047,60.062047,0.0
PANW,1.708629,70.862929,41.473554,59.954252,59.954252,0.0
HII,1.71919,71.918961,41.833059,58.839316,58.839316,0.0
TSLA,1.855293,85.529273,46.10015,58.624368,58.624368,0.0
UNH,1.818773,81.877256,45.017864,57.769492,57.769492,0.0
CDNS,1.819169,81.916908,45.029848,57.713878,57.713878,0.0
MS,1.471355,47.13552,32.035446,53.148011,53.148011,0.0
SNPS,2.019121,101.912071,50.473491,51.498878,51.498878,0.0
TMO,1.682491,68.249081,40.564311,50.575943,50.575943,0.0
IBM,1.775548,77.554771,43.679351,50.55099,50.55099,0.0
CVS,1.516246,51.624612,34.047647,50.486653,50.486653,0.0
REGN,1.641806,64.180587,39.091459,49.233606,49.233606,0.0
AAPL,1.45508,45.507957,31.275236,48.579418,48.579418,0.0
GE,1.573252,57.325217,36.437399,47.920699,47.920699,0.0
AMZN,1.562764,56.276366,36.010798,47.16169,47.16169,0.0
ETN,1.5695,56.94996,36.285425,46.116269,46.116269,0.0
AMGN,1.610164,61.016379,37.894517,45.57184,45.57184,0.0
SBUX,1.577886,57.788641,36.624082,43.754913,43.754913,0.0
CSX,1.42403,42.403004,29.776762,43.749457,43.749457,0.0
BMY,1.547413,54.741259,35.375994,43.530938,43.530938,0.0
GILD,1.512293,51.229302,33.875249,42.924733,42.924733,0.0
COP,1.461862,46.186234,31.594106,42.901932,42.901932,0.0
BA,1.64125,64.124997,39.070829,42.70687,42.70687,0.0
RTX,1.461552,46.155236,31.579598,41.932286,41.932286,0.0
BDX,1.58636,58.635975,36.962596,41.792273,41.792273,0.0
NOC,1.547112,54.711174,35.363428,41.701078,41.701078,0.0
DE,1.626433,62.64328,38.515751,41.659092,41.659092,0.0
XOM,1.379334,37.933367,27.501226,40.001626,40.001626,0.0
NEE,1.452149,45.214879,31.136533,39.449304,39.449304,0.0
PLD,1.397915,39.791494,28.464889,38.857331,38.857331,0.0
ELV,1.562996,56.299622,36.020319,38.364216,38.364216,0.0
UPS,1.47674,47.673971,32.283259,37.809869,37.809869,0.0
WMT,1.47494,47.494,32.200632,37.6705,37.6705,0.0
GD,1.413989,41.398934,29.278109,37.506324,37.506324,0.0
PPG,1.550779,55.077872,35.516268,37.331539,37.331539,0.0
VRTX,1.586643,58.664277,36.973841,37.148987,37.148987,0.0
ABBV,1.444907,44.490667,30.791378,37.019621,37.019621,0.0
VZ,1.469821,46.982059,31.964486,36.988748,36.988748,0.0
EOG,1.420366,42.036556,29.595589,36.717662,36.717662,0.0
JNJ,1.324466,32.446565,24.497853,36.40944,36.40944,0.0
CVX,1.35437,35.437002,26.164934,36.08535,36.08535,0.0
MMM,1.497869,49.786854,33.238467,35.416779,35.416779,0.0
PEP,1.442145,44.214512,30.658851,35.121684,35.121684,0.0
USB,1.365769,36.576906,26.781179,35.104771,35.104771,0.0
MO,1.394528,39.452768,28.291133,34.751464,34.751464,0.0
NSC,1.376992,37.699234,27.377955,34.674005,34.674005,0.0
UNP,1.392976,39.297607,28.211258,34.618521,34.618521,0.0
PNC,1.350437,35.043705,25.949899,34.098306,34.098306,0.0
HON,1.422038,42.20383,29.678406,33.936871,33.936871,0.0
TFC,1.355015,35.501501,26.20008,33.655638,33.655638,0.0
D,1.376149,37.614917,27.333459,33.65352,33.65352,0.0
APD,1.475603,47.560272,32.231082,33.08628,33.08628,0.0
BLK,1.426421,42.642129,29.894485,32.657078,32.657078,0.0
LMT,1.40112,40.112003,28.628528,32.359047,32.359047,0.0
MLM,1.411098,41.109759,29.133179,31.408887,31.408887,0.0
AXP,1.398601,39.86013,28.499995,30.860171,30.860171,0.0
WFC,1.410334,41.033428,29.094824,30.855389,30.855389,0.0
TJX,1.324414,32.441424,24.494923,29.875637,29.875637,0.0
BAC,1.33114,33.113998,24.876421,29.775287,29.775287,0.0
VMC,1.371908,37.190763,27.108795,29.331712,29.331712,0.0
ITW,1.383186,38.318568,27.703127,28.94606,28.94606,0.0
MET,1.347956,34.795628,25.813618,27.943992,27.943992,0.0
JPM,1.319622,31.962177,24.220711,27.924466,27.924466,0.0
KO,1.289638,28.96383,22.458879,25.359943,25.359943,0.0
CB,1.301577,30.15765,23.170094,24.234012,24.234012,0.0
PRU,1.306652,30.665168,23.46851,24.036014,24.036014,0.0
SCHW,1.307593,30.759347,23.523632,23.61655,23.61655,0.0
SO,1.274017,27.401697,21.50811,22.73214,22.73214,0.0
LIN,1.261943,26.194291,20.757112,22.53686,22.53686,0.0
DUK,1.213839,21.383933,17.616774,19.08777,19.08777,0.0
